registration_settlement_id,patient_age_group,registration_area,registration_settlement,lat,lng
set20,159922,М.КИЇВ,КИЇВ,50.4696446,30.4764455
set29,59048,ЛЬВІВСЬКА,ЛЬВІВ,49.8259617,23.9668276
set3,48478,ДНІПРОПЕТРОВСЬКА,ДНІПРО,48.4673188,35.0551837
set8,32924,ХАРКІВСЬКА,ХАРКІВ,50.0081626,36.2344654
set124,27521,ОДЕСЬКА,ОДЕСА,46.4740089,30.7583369
set66,26633,ПОЛТАВСЬКА,ПОЛТАВА,49.5837268,34.5207534
set37,23990,СУМСЬКА,СУМИ,50.8898944,34.8307848
set16,22621,ЗАПОРІЗЬКА,ЗАПОРІЖЖЯ,47.8501509,35.0988058
set67,21755,ДНІПРОПЕТРОВСЬКА,КРИВИЙ РІГ,47.9006336,33.2946486
set57,20932,МИКОЛАЇВСЬКА,МИКОЛАЇВ,46.9677079,31.9697752
set229,15928,ЖИТОМИРСЬКА,ЖИТОМИР,50.2677029,28.6482179
set117,15922,ХЕРСОНСЬКА,ХЕРСОН,46.6672683,32.6107894
set77,15880,ХМЕЛЬНИЦЬКА,ХМЕЛЬНИЦЬКИЙ,49.4507124,27.0157378
set96,15715,ВОЛИНСЬКА,ЛУЦЬК,50.7537471,25.3077855
set56,14489,ЧЕРНІВЕЦЬКА,ЧЕРНІВЦІ,48.2748101,25.934991
set100,13884,ВІННИЦЬКА,ВІННИЦЯ,49.254438,28.4501494
set25,12592,РІВНЕНСЬКА,РІВНЕ,50.6203629,26.2281257
set201,12358,ТЕРНОПІЛЬСЬКА,ТЕРНОПІЛЬ,49.5490469,25.5999481
set180,12236,ЧЕРНІГІВСЬКА,ЧЕРНІГІВ,51.4984806,31.2801986
set396,11499,ІВАНО-ФРАНКІВСЬКА,ІВАНО-ФРАНКІВСЬК,48.9157959,24.7073726
set97,10936,КІРОВОГРАДСЬКА,КРОПИВНИЦЬКИЙ,48.4742754,32.2822231
set316,9786,ДОНЕЦЬКА,МАРІУПОЛЬ,47.1379984,37.6018945
set17,9617,ПОЛТАВСЬКА,КРЕМЕНЧУК,49.0683261,33.4088643
set411,9016,КИЇВСЬКА,БІЛА ЦЕРКВА,49.7892187,30.1254316
set534,8457,КИЇВСЬКА,ІРПІНЬ,50.5250983,30.2361613
set497,8122,ЗАКАРПАТСЬКА,УЖГОРОД,48.6380525,22.2801047
set210,8118,ЧЕРКАСЬКА,ЧЕРКАСИ,49.4628997,32.0254073
set155,7833,ДНІПРОПЕТРОВСЬКА,ПАВЛОГРАД,48.5137772,35.8842629
set447,6279,ЧЕРКАСЬКА,ЗВЕНИГОРОДКА,49.0762064,30.9699903
set435,6107,ЛУГАНСЬКА,СЄВЄРОДОНЕЦЬК,48.9582989,38.5010933
set163,5754,ЛЬВІВСЬКА,СТРИЙ,49.2665923,23.87411
set0,5706,ІВАНО-ФРАНКІВСЬКА,КОЛОМИЯ,48.5304917,25.0412055
set522,5235,ДНІПРОПЕТРОВСЬКА,КАМ’ЯНСЬКЕ,48.5189624,34.6123617
set651,5006,КИЇВСЬКА,ВИШНЕВЕ,50.3944886,30.3796376
set126,4791,ЧЕРКАСЬКА,ШПОЛА,48.9969392,31.4022422
set375,4743,КИЇВСЬКА,БРОВАРИ,50.5113172,30.7656228
set147,4564,ХЕРСОНСЬКА,НОВА КАХОВКА,46.7564186,33.3573204
set231,4491,ЧЕРКАСЬКА,ЧЕРВОНА СЛОБОДА,49.3800689,32.1560641
set5,4444,ЗАКАРПАТСЬКА,МУКАЧЕВО,48.4346946,22.7155631
set154,4420,ЖИТОМИРСЬКА,НОВОГРАД-ВОЛИНСЬКИЙ,50.5862685,27.6058241
set712,4311,ІВАНО-ФРАНКІВСЬКА,КАЛУШ,49.0408415,24.3539397
set439,4237,ЖИТОМИРСЬКА,КОРОСТЕНЬ,50.9521463,28.6470107
set271,4164,ВІННИЦЬКА,КАЛИНІВКА,49.5387455,28.4909131
set726,4148,КИЇВСЬКА,ВИШГОРОД,50.5818874,30.4768542
set321,4101,ЖИТОМИРСЬКА,БЕРДИЧІВ,49.9042002,28.5857584
set519,3985,КИЇВСЬКА,РОКИТНЕ,49.6925362,30.4822487
set267,3857,РІВНЕНСЬКА,НОВА УКРАЇНКА,50.6203629,26.2281257
set85,3818,ЗАКАРПАТСЬКА,СЕРЕДНЄ,48.6003275,22.2863686
set246,3776,ЗАПОРІЗЬКА,БЕРДЯНСЬК,46.7547198,36.7933387
set524,3775,ХМЕЛЬНИЦЬКА,КАМ'ЯНЕЦЬ-ПОДІЛЬСЬКИЙ,48.6851132,26.5856769
set583,3745,ДОНЕЦЬКА,СЕЛИДОВЕ,48.1491222,37.3160771
set514,3544,ЧЕРНІГІВСЬКА,МЕНА,51.5309649,32.2287087
set420,3350,МИКОЛАЇВСЬКА,БАШТАНКА,47.4079553,32.4356881
set449,3315,ОДЕСЬКА,ЧОРНОМОРСЬК,46.3015886,30.6410179
set493,3219,ПОЛТАВСЬКА,ХОРОЛ,49.7802633,33.2702223
set143,3151,ЧЕРНІГІВСЬКА,РЕДЬКІВКА,51.561435,31.153998
set225,3120,КІРОВОГРАДСЬКА,ОЛЕКСАНДРІЯ,48.6668175,33.1105523
set112,3111,ЗАПОРІЗЬКА,ВІЛЬНЯНСЬК,47.9403225,35.4328125
set571,3032,ДНІПРОПЕТРОВСЬКА,НІКОПОЛЬ,47.5803561,34.3370229
set87,3030,ХМЕЛЬНИЦЬКА,СЛАВУТА,50.2915771,26.871083
set473,3023,ЛЬВІВСЬКА,ЗОЛОЧІВ,49.800218,24.8933211
set485,2975,ДНІПРОПЕТРОВСЬКА,ТОМАКІВКА,47.8172631,34.7548713
set460,2960,ЧЕРКАСЬКА,РОДНИКІВКА,48.7624895,30.2841519
set114,2941,ЛЬВІВСЬКА,МОРШИН(ПН),49.1537308,23.8652237
set340,2870,ПОЛТАВСЬКА,ГОРІШНІ ПЛАВНІ,49.0139465,33.6387978
set250,2854,ЗАПОРІЗЬКА,МЕЛІТОПОЛЬ,46.8499448,35.3626794
set551,2829,ОДЕСЬКА,РОЗДІЛЬНА,46.8518947,30.0728227
set795,2828,МИКОЛАЇВСЬКА,ПЕРВОМАЙСЬК,48.021167,30.8561994
set363,2824,ТЕРНОПІЛЬСЬКА,БЕРЕЖАНИ(ПН),49.4460987,24.9340382
set123,2812,ВІННИЦЬКА,НЕМИРІВ,48.9714312,28.8405374
set199,2769,КИЇВСЬКА,ВОРОНЬКІВ,50.2597873,30.9374624
set389,2739,КИЇВСЬКА,БОРИСПІЛЬ,50.3617444,30.9370186
set609,2723,ХАРКІВСЬКА,ЧУГУЇВ,49.8309356,36.6910023
set351,2706,ТЕРНОПІЛЬСЬКА,ЧОРТКІВ(ПН),49.0344913,25.760377
set213,2679,СУМСЬКА,КОНОТОП,51.2389363,33.199967
set401,2649,КІРОВОГРАДСЬКА,НОВОУКРАЇНКА,48.3098432,31.534798
set546,2645,ХМЕЛЬНИЦЬКА,ДЕРАЖНЯ,49.2711628,27.4229888
set241,2636,КИЇВСЬКА,СКВИРА,49.7360892,29.6678125
set322,2608,ТЕРНОПІЛЬСЬКА,ТЕРЕБОВЛЯ,49.2991724,25.6861839
set422,2540,ЗАКАРПАТСЬКА,БЕРЕГОВЕ(ПН),48.2028587,22.6490313
set808,2510,ХАРКІВСЬКА,БОГОДУХІВ,50.1635922,35.5262415
set400,2502,ОДЕСЬКА,ЮЖНЕ,46.6253931,31.1064939
set194,2479,ЛУГАНСЬКА,ЛИСИЧАНСЬК,48.8616798,38.4666109
set22,2465,ДОНЕЦЬКА,КРАМАТОРСЬК,48.7627509,37.5950279
set261,2455,ТЕРНОПІЛЬСЬКА,БУЧАЧ,49.0626703,25.3974353
set211,2451,МИКОЛАЇВСЬКА,ВОЗНЕСЕНСЬК,47.5743576,31.3157391
set257,2428,МИКОЛАЇВСЬКА,СТЕПКІВКА,48.1093696,30.8886825
set119,2377,ЧЕРНІВЕЦЬКА,ГЛИБОКА,48.0931021,25.9224603
set309,2366,ТЕРНОПІЛЬСЬКА,МИШКОВИЧІ,49.5237890,25.7547973
set30,2357,ДОНЕЦЬКА,БАХМУТ,48.5910597,37.9993998
set765,2344,ПОЛТАВСЬКА,ЛУБНИ,50.0038749,32.9953275
set244,2341,ДНІПРОПЕТРОВСЬКА,НОВОМОСКОВСЬК,48.636928,35.2532245
set459,2324,ХМЕЛЬНИЦЬКА,КОРЧИК,50.3316369,27.1376838
set311,2314,ВОЛИНСЬКА,КОВЕЛЬ,51.2138071,24.7129293
set766,2314,КИЇВСЬКА,ВАСИЛЬКІВ,50.2028701,30.313472
set14,2306,ХМЕЛЬНИЦЬКА,ВОЛОЧИСЬК,49.5363943,26.2156186
set478,2300,КІРОВОГРАДСЬКА,НОВОМИРГОРОД,48.7881785,31.6495129
set319,2279,ЛУГАНСЬКА,СТАРОБІЛЬСЬК,49.2805498,38.8909548
set108,2279,ВІННИЦЬКА,ТРОСТЯНЕЦЬ,48.517726,29.2413902
set753,2257,ВІННИЦЬКА,КОЗЯТИН(ПН),49.7215655,28.8371903
set643,2222,ЧЕРНІГІВСЬКА,НІЖИН,51.0463629,31.8895087
set547,2219,ПОЛТАВСЬКА,МИРГОРОД,49.960246,33.6109636
set544,2213,ХАРКІВСЬКА,ДЕРГАЧІ,50.1050211,36.1050539
set278,2198,ЛУГАНСЬКА,СВАТОВЕ,49.4068891,38.1632734
set681,2186,СУМСЬКА,ШОСТКА,51.87169,33.46731
set330,2185,ЗАПОРІЗЬКА,ПОЛОГИ,47.4808069,36.2479847
set1,2176,ДНІПРОПЕТРОВСЬКА,ЧЕРВОНОГРИГОРІВКА,47.8002209,34.1808389
set237,2133,СУМСЬКА,РОМНИ,50.74821,33.4739907
set380,2129,РІВНЕНСЬКА,ВАРАШ,51.3506043,25.8554167
set255,2123,КИЇВСЬКА,ФАСТІВ,50.0860953,29.9320532
set297,2120,РІВНЕНСЬКА,ЗДОЛБУНІВ,50.5089112,26.2566443
set260,2113,РІВНЕНСЬКА,ДУБНО,50.3977796,25.7578676
set54,2097,ЧЕРНІГІВСЬКА,ПРИЛУКИ,50.5970302,32.365875
set632,2091,ЧЕРКАСЬКА,КАНІВ,49.7514618,31.3154255
set276,2087,ПОЛТАВСЬКА,ГАДЯЧ(ПН),50.3749911,33.9825804
set360,2073,ХЕРСОНСЬКА,БЕРИСЛАВ,46.8295426,33.4001728
set737,2037,КИЇВСЬКА,ЯГОТИН,50.2710912,31.7641791
set620,2026,ОДЕСЬКА,ІЗМАЇЛ,45.3501032,28.8352097
set317,2005,ХМЕЛЬНИЦЬКА,СТАРОКОСТЯНТИНІВ(ПН),49.7586381,27.1994941
set490,1972,КИЇВСЬКА,ТЕТІЇВ,49.3689048,29.6832554
set367,1971,ТЕРНОПІЛЬСЬКА,КРЕМЕНЕЦЬ(ПН),50.1162559,25.6930064
set327,1962,ХЕРСОНСЬКА,БІЛОЗЕРКА,46.6267067,32.4413727
set342,1941,ІВАНО-ФРАНКІВСЬКА,ГОРОДЕНКА,48.6643159,25.4921764
set48,1937,ЗАКАРПАТСЬКА,ІРШАВА,48.3104904,23.0284413
set559,1929,ЗАПОРІЗЬКА,ЕНЕРГОДАР,47.4903821,34.6623829
set91,1901,ЛЬВІВСЬКА,САМБІР,49.5191203,23.204143
set277,1881,ЗАКАРПАТСЬКА,ВИНОГРАДІВ,48.1377254,23.017777
set610,1879,ХЕРСОНСЬКА,НОВОТРОЇЦЬКЕ,46.3532719,34.3387437
set793,1876,ХЕРСОНСЬКА,СКАДОВСЬК,46.1161301,32.9099761
set113,1874,ХЕРСОНСЬКА,НОВА ЗБУР'ЇВКА,46.4533767,32.4528904
set135,1866,КИЇВСЬКА,БУЧА(ПН),50.5487893,30.2077159
set476,1861,ЛЬВІВСЬКА,ЧЕРВОНОГРАД,50.3951314,24.2520404
set343,1855,ВОЛИНСЬКА,НОВОВОЛИНСЬК,50.7247746,24.1715688
set467,1855,ЗАКАРПАТСЬКА,МІЖГІР'Я,48.5217097,23.504792
set334,1842,ІВАНО-ФРАНКІВСЬКА,БОГОРОДЧАНИ,48.8111954,24.5439823
set406,1824,ХАРКІВСЬКА,КРАСНОГРАД,49.3728037,35.4424559
set23,1823,ХАРКІВСЬКА,ЛОЗОВА,48.8902362,36.308001
set386,1808,ЧЕРНІВЕЦЬКА,НОВОСЕЛИЦЯ,48.2917352,25.9450384
set168,1805,ЧЕРКАСЬКА,ПОПІВКА,49.1130528,31.825614
set695,1790,ВІННИЦЬКА,БЕРШАДЬ,48.363451,29.5109228
set191,1767,ЧЕРНІВЕЦЬКА,КІЦМАНЬ,48.4307320,25.76205
set387,1763,ОДЕСЬКА,УСАТОВЕ,46.4829698,30.214755
set443,1761,ІВАНО-ФРАНКІВСЬКА,НАДВІРНА,48.6314621,24.5603604
set708,1752,ВІННИЦЬКА,ГАЙСИН,48.8130829,29.3928695
set650,1691,КИЇВСЬКА,БІЛОГОРОДКА,50.3310476,30.280359
set364,1681,ВІННИЦЬКА,ХМІЛЬНИК,49.6380821,28.1011498
set721,1674,ПОЛТАВСЬКА,ГРАДИЗЬК,49.2360442,33.1289795
set72,1667,КИЇВСЬКА,ПЕРЕЯСЛАВ,50.064281,31.44085
set535,1637,ХЕРСОНСЬКА,ОЛЕШКИ,46.6188584,32.7216977
set506,1609,РІВНЕНСЬКА,САРНИ,51.332652,26.5927185
set511,1597,ЧЕРКАСЬКА,КОРСУНЬ-ШЕВЧЕНКІВСЬКИЙ,49.4216768,31.2765127
set397,1573,ВОЛИНСЬКА,ВОЛОДИМИР-ВОЛИНСЬКИЙ,50.8584711,24.3178135
set399,1563,ХАРКІВСЬКА,ІЗЮМ,49.1913314,37.2791301
set637,1561,ТЕРНОПІЛЬСЬКА,ЗБАРАЖ,49.6611904,25.7896972
set254,1547,ЗАПОРІЗЬКА,МИХАЙЛІВКА,47.2695236,35.2205088
set63,1542,ДНІПРОПЕТРОВСЬКА,СИНЕЛЬНИКОВЕ,48.3253537,35.5313006
set405,1518,ДНІПРОПЕТРОВСЬКА,НОВОМАЙСЬКЕ,47.9764369,33.5338855
set752,1511,КИЇВСЬКА,КАГАРЛИК,49.8633174,30.8231236
set573,1502,КИЇВСЬКА,ОБУХІВ(ПН),50.1313012,30.6291209
set509,1477,МИКОЛАЇВСЬКА,НОВИЙ БУГ,47.6869738,32.5099232
set159,1464,ЛЬВІВСЬКА,ТРУСКАВЕЦЬ,49.2764496,23.5225938
set202,1460,МИКОЛАЇВСЬКА,НЕЧАЯНЕ,47.1846978,31.7980196
set565,1454,РІВНЕНСЬКА,ВОЛОДИМИРЕЦЬ,51.4239456,26.1359411
set32,1449,ДОНЕЦЬКА,ДОБРОПІЛЛЯ,48.5366665,37.057271
set483,1431,ВІННИЦЬКА,БАР,49.0769251,27.683464
set263,1427,ЧЕРКАСЬКА,ГЕЛЬМЯЗІВ,49.8278712,31.8403945
set21,1426,ІВАНО-ФРАНКІВСЬКА,БУРШТИН(ПН),49.2488098,24.6275902
set587,1378,ХАРКІВСЬКА,БУДИ,49.8932741,36.011984
set526,1375,ВОЛИНСЬКА,ЛИПИНИ,50.768686,25.3879229
set161,1373,КИЇВСЬКА,БОРОДЯНКА,50.6439148,29.926553
set528,1359,ДНІПРОПЕТРОВСЬКА,ГВАРДІЙСЬКЕ,48.7326152,35.313884
set600,1355,ЛЬВІВСЬКА,ДРОГОБИЧ,49.302282,23.561824
set557,1352,ОДЕСЬКА,ПОДІЛЬСЬК,47.7388002,29.5586514
set133,1341,КИЇВСЬКА,МИРОНІВКА,49.6768043,30.9794202
set536,1334,КИЇВСЬКА,БАРИШІВКА,50.3664324,31.3319322
set474,1330,ХАРКІВСЬКА,КУП'ЯНСЬК,49.7190684,37.6074733
set751,1315,СУМСЬКА,ОХТИРКА,50.3150962,34.9005644
set82,1294,КИЇВСЬКА,ОЗЕРНА,49.7394802,30.1645051
set262,1287,ХМЕЛЬНИЦЬКА,НЕТІШИН,50.3393963,26.6560409
set303,1275,ХАРКІВСЬКА,ЗМІЇВ,49.6777603,36.355126
set28,1265,ХАРКІВСЬКА,БАЛАКЛІЯ,49.4529684,36.834949
set673,1251,МИКОЛАЇВСЬКА,АРБУЗИНКА,47.9099006,31.3168529
set169,1251,ЧЕРКАСЬКА,ХРИСТИНІВКА,48.8004433,29.9798383
set803,1245,КИЇВСЬКА,МАКАРІВ,50.4634406,29.799736
set62,1233,ІВАНО-ФРАНКІВСЬКА,ДОЛИНА,48.9723881,23.9923655
set233,1190,ТЕРНОПІЛЬСЬКА,БОРЩІВ,48.8047061,26.0481283
set462,1183,РІВНЕНСЬКА,ДУБРОВИЦЯ,51.5992024,26.5708696
set350,1182,КИЇВСЬКА,ІВАНКІВ,50.9433077,29.9000401
set252,1169,РІВНЕНСЬКА,ГОЩА,50.606322,26.6856229
set747,1166,МИКОЛАЇВСЬКА,НОВА ОДЕСА,47.2997442,31.7980112
set484,1162,ЧЕРКАСЬКА,СМІЛА,49.1982110,31.8999033
set362,1151,ЗАКАРПАТСЬКА,ХУСТ(ПН),48.1766094,23.295417
set326,1143,ТЕРНОПІЛЬСЬКА,ЗАЛІЩИКИ,48.6473715,25.7310063
set659,1136,ТЕРНОПІЛЬСЬКА,ГУСЯТИН,49.073147,26.1831731
set566,1135,ХАРКІВСЬКА,ЗОЛОЧІВ,50.2688043,35.9813693
set777,1134,ПОЛТАВСЬКА,РЕШЕТИЛІВКА,49.560668,34.0616393
set248,1130,КІРОВОГРАДСЬКА,ДОЛИНСЬКА,48.1059283,32.7782257
set42,1129,ПОЛТАВСЬКА,ПРИШИБ,49.0445168,33.7374367
set26,1128,ВІННИЦЬКА,МОГИЛІВ-ПОДІЛЬСЬКИЙ,48.458419,27.772002
set589,1123,СУМСЬКА,МИХАЙЛІВКА,50.5854572,34.4637727
set601,1116,КІРОВОГРАДСЬКА,АДЖАМКА(ПН),48.543962,32.5406496
set140,1107,ХМЕЛЬНИЦЬКА,МАЛИНИЧІ,49.4142001,26.9551828
set280,1104,ВІННИЦЬКА,ШАРГОРОД,48.7417418,28.0739837
set354,1102,ОДЕСЬКА,БІЛГОРОД-ДНІСТРОВСЬКИЙ,46.1695705,30.3511262
set543,1089,ХМЕЛЬНИЦЬКА,КРАСИЛІВ,49.6541955,26.9781525
set735,1086,ВІННИЦЬКА,ТУЛЬЧИН,48.672723,28.8662787
set518,1083,ЗАКАРПАТСЬКА,ТЕРЕБЛЯ,48.1112964,23.5857287
set611,1079,КІРОВОГРАДСЬКА,ОНУФРІЇВКА,48.9058043,33.4527302
set555,1076,КІРОВОГРАДСЬКА,ЗНАМ'ЯНКА,48.6469923,32.6793476
set806,1075,ЗАКАРПАТСЬКА,РАХІВ,48.0561412,24.2054943
set684,1074,ЧЕРНІГІВСЬКА,КОЗЕЛЕЦЬ,50.9123024,31.1136908
set683,1073,ХАРКІВСЬКА,ПЕРВОМАЙСЬКИЙ,49.39854,36.2251286
set728,1073,ВОЛИНСЬКА,КІВЕРЦІ,50.8241769,25.4668612
set734,1070,ПОЛТАВСЬКА,КАРЛІВКА,49.4530196,35.1363889
set50,1060,ХМЕЛЬНИЦЬКА,НОВА УШИЦЯ,48.8267221,27.2682327
set313,1041,ДОНЕЦЬКА,ДРУЖКІВКА,48.609403,37.5131589
set142,1040,ХАРКІВСЬКА,ЛИПЦІ,50.2042693,36.4258319
set561,1037,ЖИТОМИРСЬКА,ЧУДНІВ,50.0566152,28.1274686
set4,1035,КИЇВСЬКА,ТАРАЩА,49.557675,30.4991551
set259,1034,ДНІПРОПЕТРОВСЬКА,ПІДГОРОДНЕ(ПН),48.5733001,35.1127727
set452,1032,ДОНЕЦЬКА,ТОРЕЦЬК,48.3972873,37.855245
set251,1030,ХМЕЛЬНИЦЬКА,ІЗЯСЛАВ,50.115794,26.8232578
set475,1020,ПОЛТАВСЬКА,КОБЕЛЯКИ,49.1526235,34.1810119
set533,1016,ЧЕРКАСЬКА,ГОРОДИЩЕ,49.2917766,31.4465327
set136,1015,ДОНЕЦЬКА,КОСТЯНТИНІВКА,48.5276998,37.6727814
set33,998,ЛУГАНСЬКА,БІЛОВОДСЬК,49.2035438,39.5701779
set618,996,ІВАНО-ФРАНКІВСЬКА,РОЖНЯТІВ,48.940129,24.1515668
set102,986,ВІННИЦЬКА,ЖМЕРИНКА,49.0243654,28.1183213
set434,986,ПОЛТАВСЬКА,КОЗЕЛЬЩИНА,49.2107448,33.8476743
set352,984,ЧЕРКАСЬКА,КАМ'ЯНКА,49.0306474,32.1150933
set369,972,ЧЕРНІГІВСЬКА,БАХМАЧ,51.1825518,32.8231929
set480,972,КИЇВСЬКА,БОГУСЛАВ,49.5357156,30.8660447
set190,967,МИКОЛАЇВСЬКА,МІШКОВО-ПОГОРІЛОВЕ(ПН),47.1069767,32.2025514
set361,963,ХМЕЛЬНИЦЬКА,ДУНАЇВЦІ,48.8849162,26.8620975
set454,954,ХЕРСОНСЬКА,КАХОВКА,46.8174331,33.4876012
set645,951,ДНІПРОПЕТРОВСЬКА,П'ЯТИХАТКИ,48.3981779,33.7020775
set46,949,МИКОЛАЇВСЬКА,ЮЖНОУКРАЇНСЬК,47.8179881,31.1845825
set762,948,ЗАПОРІЗЬКА,ГУЛЯЙПОЛЕ,47.6607145,36.2732383
set427,947,ХАРКІВСЬКА,ВОВЧАНСЬК,50.2905097,36.9289379
set404,944,ДОНЕЦЬКА,ВОЛНОВАХА,47.612409,37.4867233
set258,940,ОДЕСЬКА,АРЦИЗ,46.0071144,29.4328237
set273,937,ХЕРСОНСЬКА,ГЕНІЧЕСЬК,46.1672463,34.811909
set170,936,ДНІПРОПЕТРОВСЬКА,ПОКРОВ,47.6588135,34.1100129
set383,923,ПОЛТАВСЬКА,ВЕЛИКА БАГАЧКА,49.7898411,33.7227175
set745,919,РІВНЕНСЬКА,БЕРЕЗНЕ,50.9996233,26.750679
set41,914,ХАРКІВСЬКА,ВАЛКИ,49.8371086,35.6282963
set457,910,ЧЕРНІГІВСЬКА,КУЛИКІВКА,51.3730784,31.6451876
set625,903,ПОЛТАВСЬКА,НОВІ САНЖАРИ,49.3411799,34.3058346
set617,900,ДНІПРОПЕТРОВСЬКА,ВЕРХНЬОДНІПРОВСЬК,48.6547302,34.340172
set667,893,ЧЕРКАСЬКА,ЗОЛОТОНОША,49.6633237,32.0577664
set150,891,ЗАКАРПАТСЬКА,СВАЛЯВА,48.5487153,22.9937621
set392,888,ДОНЕЦЬКА,РАЙ-ОЛЕКСАНДРІВКА,48.8085807,37.8486749
set785,887,ЛЬВІВСЬКА,СОКАЛЬ,50.467289,24.2851601
set99,884,КИЇВСЬКА,СЛАВУТИЧ,51.5237484,30.7513441
set200,880,КІРОВОГРАДСЬКА,ГОЛОВАНІВСЬК,48.3818964,30.4705846
set794,880,ЗАКАРПАТСЬКА,ВЕЛИКІ ЛУЧКИ,48.4188827,22.5729523
set162,875,ІВАНО-ФРАНКІВСЬКА,СНЯТИН,48.4511901,25.5513373
set314,873,СУМСЬКА,КРОЛЕВЕЦЬ,51.5390453,33.3653211
set552,872,ХЕРСОНСЬКА,НИЖНІ СІРОГОЗИ,46.8422004,34.3648344
set649,857,ВОЛИНСЬКА,ЛЮБЕШІВ,51.7609159,25.5037925
set346,856,ЧЕРКАСЬКА,ТАЛЬНЕ,48.8939866,30.6856954
set516,852,ЧЕРНІВЕЦЬКА,СТОРОЖИНЕЦЬ,48.1635402,25.7195354
set69,851,ДНІПРОПЕТРОВСЬКА,ЖОВТІ ВОДИ,48.3416604,33.4945787
set455,843,ДНІПРОПЕТРОВСЬКА,КРИНИЧКИ,48.3774942,34.4661977
set408,843,ХЕРСОНСЬКА,ГОРНОСТАЇВКА,47.0102692,33.7279049
set195,841,ЧЕРКАСЬКА,ЖАШКІВ,49.2412613,30.1125297
set403,840,РІВНЕНСЬКА,КОСТОПІЛЬ,50.8802041,26.4519233
set394,835,ЧЕРНІГІВСЬКА,КОРЮКІВКА,51.7737901,32.2488097
set523,835,ЗАПОРІЗЬКА,ТЕРПІННЯ,46.9792838,35.4217024
set379,835,ВІННИЦЬКА,ІЛЛІНЦІ,49.1156880,29.196032
set74,830,ХАРКІВСЬКА,КЕГИЧІВКА,49.2908673,35.7511764
set274,823,ВОЛИНСЬКА,ГОРОХІВ,50.4966282,24.7614707
set705,822,ЛЬВІВСЬКА,ЖОВКВА,50.055559,23.980732
set94,820,ОДЕСЬКА,ІВАНІВКА,46.9755236,30.469358
set419,820,ДОНЕЦЬКА,МАР'ЇНКА,47.9401725,37.5015334
set674,816,ЧЕРНІГІВСЬКА,ІЧНЯ,50.8669207,32.3963203
set508,815,ПОЛТАВСЬКА,ТЕРЕШКИ,49.5782369,34.4393412
set344,810,ІВАНО-ФРАНКІВСЬКА,КОСІВ,48.3210015,25.1058044
set778,810,ВІННИЦЬКА,ЛІТИН,49.3293107,28.072411
set223,809,ЛУГАНСЬКА,ТРОЇЦЬКЕ,49.9063899,38.2937682
set365,808,ІВАНО-ФРАНКІВСЬКА,РОГАТИН,49.4148849,24.6063085
set759,801,РІВНЕНСЬКА,МЛИНІВ,50.5076119,25.6083622
set300,797,ПОЛТАВСЬКА,ДИКАНЬКА,49.8149707,34.5420404
set55,797,ЧЕРКАСЬКА,ЧИГИРИН,49.0764552,32.6631347
set591,795,ПОЛТАВСЬКА,МАШІВКА,49.4411026,34.866492
set638,794,ОДЕСЬКА,КОДИМА,48.0974614,29.122594
set648,793,ВІННИЦЬКА,ЯМПІЛЬ,48.2441219,28.2765218
set755,788,ПОЛТАВСЬКА,ОПІШНЯ,49.9542954,34.590018
set79,783,КИЇВСЬКА,УКРАЇНКА,50.1381207,30.7373521
set472,779,ХАРКІВСЬКА,ПІСОЧИН,49.9580516,36.1189983
set256,777,ЗАПОРІЗЬКА,ПРИМОРСЬК,46.7242279,36.3585015
set429,775,ЧЕРНІВЕЦЬКА,СОКИРЯНИ,48.452171,27.407079
set585,775,ХЕРСОНСЬКА,ВЕЛИКА ОЛЕКСАНДРІВКА,47.3142828,33.2811375
set634,774,ДНІПРОПЕТРОВСЬКА,ВІЛЬНОГІРСЬК,48.4855437,34.0134948
set541,772,ЗАКАРПАТСЬКА,ВОЛОВЕЦЬ,48.7149856,23.1853838
set312,769,ЛЬВІВСЬКА,МИКОЛАЇВ,49.5263992,23.9707088
set331,768,ПОЛТАВСЬКА,ЛОХВИЦЯ,50.3580336,33.2813082
set374,767,ЛЬВІВСЬКА,ЯВОРІВ,49.9416106,23.388372
set236,764,ДНІПРОПЕТРОВСЬКА,РАЇВКА,48.3426367,35.7740911
set448,763,ХМЕЛЬНИЦЬКА,ГОРОДОК,49.1664842,26.5767453
set418,763,ОДЕСЬКА,БАЛТА(ПН),47.9460968,29.6221547
set247,754,КІРОВОГРАДСЬКА,ПЕТРОВЕ,48.3300936,33.2521805
set120,746,ВОЛИНСЬКА,КАМІНЬ-КАШИРСЬКИЙ,51.6309464,24.9521372
set491,745,ЧЕРКАСЬКА,УМАНЬ,48.7593967,30.2215448
set158,744,ДОНЕЦЬКА,ПОКРОВСЬК,48.2799808,37.1761763
set324,743,ПОЛТАВСЬКА,ПИРЯТИН,50.2461665,32.5083099
set763,740,СУМСЬКА,ГЛУХІВ,51.6773487,33.9147199
set500,739,СУМСЬКА,КРАСНОПІЛЛЯ,50.7725515,35.2596445
set266,739,ЧЕРНІВЕЦЬКА,ХОТИН,48.5054372,26.4992565
set175,736,ВІННИЦЬКА,ЛАДИЖИН(ПН),48.6791311,29.2276257
set212,733,ЛЬВІВСЬКА,НОВОЯВОРІВСЬК,49.9340623,23.564493
set783,729,ХЕРСОНСЬКА,ВИСОКОПІЛЛЯ,47.488789,33.5317111
set746,729,ПОЛТАВСЬКА,ЗАСУЛЛЯ,49.9963227,33.0294845
set167,724,КИЇВСЬКА,БЕРЕЗАНЬ,50.3179664,31.4552683
set612,715,ЧЕРНІГІВСЬКА,БОРЗНА,51.2594086,32.4228611
set272,710,ПОЛТАВСЬКА,ОРЖИЦЯ,49.7823801,32.6831136
set93,709,ХМЕЛЬНИЦЬКА,ЧЕМЕРІВЦІ,49.0089402,26.3422869
set264,708,ЖИТОМИРСЬКА,ЧИЖІВКА,50.5444572,27.4705256
set115,707,ВІННИЦЬКА,КРИЖОПІЛЬ,48.3849493,28.8673367
set576,707,РІВНЕНСЬКА,РАДИВИЛІВ,50.1239552,25.2527513
set486,701,ДОНЕЦЬКА,ОЧЕРЕТИНЕ,48.2431803,37.6133642
set157,699,ЧЕРКАСЬКА,ЛИСЯНКА,49.2423261,30.8331688
set616,691,ВІННИЦЬКА,ПОГРЕБИЩЕ,49.4851009,29.2492424
set227,691,ІВАНО-ФРАНКІВСЬКА,ГАЛИЧ,49.1200262,24.7371332
set597,690,МИКОЛАЇВСЬКА,КАЗАНКА,47.8321678,32.832507
set357,687,РІВНЕНСЬКА,ОСТРОГ,50.3626421,26.5131116
set450,685,ПОЛТАВСЬКА,ШИШАКИ,49.8675003,34.0112001
set348,683,ВОЛИНСЬКА,МАНЕВИЧІ,51.2856168,25.5354539
set238,672,ПОЛТАВСЬКА,ЗІНЬКІВ,50.2064058,34.3520988
set568,672,ХЕРСОНСЬКА,НОВОВОРОНЦОВКА,47.5055636,33.923824
set564,672,КІРОВОГРАДСЬКА,ГАЙВОРОН,48.3367137,29.8686351
set772,668,ДНІПРОПЕТРОВСЬКА,АПОСТОЛОВЕ,47.6712821,33.7193314
set328,664,ДНІПРОПЕТРОВСЬКА,СЛОБОЖАНСЬКЕ(ПН),48.5340537,35.0734642
set660,658,ОДЕСЬКА,САРАТА,46.0233792,29.6582243
set206,657,ХМЕЛЬНИЦЬКА,ЯРМОЛИНЦІ,49.189578,26.8447254
set494,656,ЛЬВІВСЬКА,НИЖНІ ГАЇ,49.3462566,23.68229
set315,654,ДОНЕЦЬКА,ЛИМАН,48.98184,37.8211401
set275,654,ЧЕРКАСЬКА,ДРАБІВ,49.968918,32.1503188
set658,652,ЛЬВІВСЬКА,РАДЕХІВ,50.2799975,24.6366405
set748,651,ДНІПРОПЕТРОВСЬКА,СОЛОНЕ,48.2025499,34.8726841
set188,645,ЗАПОРІЗЬКА,ЧЕРНІГІВКА,47.1909933,36.2197466
set786,636,ХМЕЛЬНИЦЬКА,ВІНЬКІВЦІ,49.0309347,27.2353854
set318,633,ЖИТОМИРСЬКА,ЗАРІЧАНИ,50.231328,28.6475265
set520,632,ЖИТОМИРСЬКА,КОРОСТИШІВ,50.3150278,29.0580222
set145,632,ХАРКІВСЬКА,НОВОСЕЛІВКА,49.696365,35.8553729
set446,629,ТЕРНОПІЛЬСЬКА,ШУМСЬК,50.122577,26.1149716
set2,625,ВІННИЦЬКА,ДАШІВ,49.1156880,29.196032
set731,625,ХМЕЛЬНИЦЬКА,ТЕОФІПОЛЬ,49.8431125,26.4114641
set134,621,ДНІПРОПЕТРОВСЬКА,ПЕРШОТРАВЕНСЬК,48.3493321,36.4073647
set218,617,ВОЛИНСЬКА,ЛОКАЧІ,50.742481,24.6457779
set724,611,ПОЛТАВСЬКА,КОТЕЛЬВА,50.0770999,34.7445417
set177,608,ДНІПРОПЕТРОВСЬКА,МАРГАНЕЦЬ,47.6433949,34.6639647
set582,607,ЛУГАНСЬКА,КРЕМІННА,49.0422267,38.2176555
set425,606,ЖИТОМИРСЬКА,РОМАНІВ,50.1490571,27.9272688
set696,605,ЖИТОМИРСЬКА,УШОМИР,50.9575618,28.7302243
set337,605,ХМЕЛЬНИЦЬКА,СТАРА СИНЯВА,49.6041187,27.6138158
set59,604,ОДЕСЬКА,ВЕЛИКА МИХАЙЛІВКА,47.0958036,29.8448422
set548,599,ЖИТОМИРСЬКА,ПОПІЛЬНЯ,49.9483721,29.4484341
set592,598,ЗАКАРПАТСЬКА,ТЯЧІВ,48.0163225,23.5643914
set669,595,ЧЕРНІВЕЦЬКА,ВИЖНИЦЯ,48.2446645,25.1810046
set409,586,ХМЕЛЬНИЦЬКА,ПОЛОННЕ,50.1218594,27.4919276
set402,586,ЗАПОРІЗЬКА,ЯКИМІВКА,46.7070215,35.1680849
set356,582,ЖИТОМИРСЬКА,ОВРУЧ,51.3235045,28.8001014
set736,580,ХМЕЛЬНИЦЬКА,СТАРА УШИЦЯ,48.6722067,26.6059207
set790,578,ТЕРНОПІЛЬСЬКА,КОЗОВА,49.4358377,25.1400228
set391,576,ЧЕРКАСЬКА,ВАТУТІНЕ,49.0091345,31.0557322
set594,575,МИКОЛАЇВСЬКА,СНІГУРІВКА,47.0767826,32.8198249
set757,573,ДНІПРОПЕТРОВСЬКА,ЮР'ЇВКА,48.7388367,36.0162211
set310,571,ДНІПРОПЕТРОВСЬКА,ПЕТРИКІВКА,48.7155615,34.6197379
set219,569,ДОНЕЦЬКА,МИРНОГРАД,48.3019054,37.2599825
set217,569,ДОНЕЦЬКА,ВЕЛИКА НОВОСІЛКА,47.8337189,36.8339147
set615,565,СУМСЬКА,ЛИПОВА ДОЛИНА,50.5657718,33.7762021
set633,564,ЧЕРКАСЬКА,МОНАСТИРИЩЕ,48.979886,29.8053288
set152,562,ВІННИЦЬКА,ТИВРІВ,49.0138268,28.5020016
set131,562,ЗАПОРІЗЬКА,ЛУКАШЕВЕ,47.9597188,34.9568046
set137,560,ТЕРНОПІЛЬСЬКА,МОНАСТИРИСЬКА,49.090503,25.1679039
set556,559,ЛЬВІВСЬКА,БУСЬК,49.9638419,24.5887156
set720,557,ВІННИЦЬКА,ТОМАШПІЛЬ,48.5529174,28.5130512
set31,556,ОДЕСЬКА,БЕРЕЗІВКА,47.2038267,30.9163475
set335,555,ЖИТОМИРСЬКА,МАЛИН(ПН),50.7744854,29.2198268
set504,553,ДНІПРОПЕТРОВСЬКА,ТЕРНІВКА,48.5299647,36.0780258
set98,553,ЗАПОРІЗЬКА,ОРІХІВ,47.5780494,35.7836654
set567,552,ХМЕЛЬНИЦЬКА,БІЛОГІР'Я,50.0100122,26.4381532
set228,549,ЧЕРКАСЬКА,ЧОРНОБАЙ,49.6469011,32.3298446
set764,549,ДНІПРОПЕТРОВСЬКА,ВЕРБКИ,48.5860019,35.900813
set445,547,ВОЛИНСЬКА,РАТНЕ,51.6774268,24.5461403
set603,541,ОДЕСЬКА,ТАТАРБУНАРИ,45.8409652,29.6080561
set220,540,ДНІПРОПЕТРОВСЬКА,ПОКРОВСЬКЕ,47.9833465,36.2353550
set127,540,ЛЬВІВСЬКА,ІВАНО-ФРАНКОВЕ,49.9138244,23.7376639
set488,539,ЛЬВІВСЬКА,ЖИДАЧІВ,49.391497,24.1336633
set604,537,ЖИТОМИРСЬКА,ТРОЯНІВ,50.1079342,28.5310054
set788,532,ЛУГАНСЬКА,НОВОАЙДАР,48.9659486,38.9953282
set176,532,ЗАКАРПАТСЬКА,ЧОП(ПН),48.4306985,22.2029671
set499,528,ДНІПРОПЕТРОВСЬКА,ПЕТРОПАВЛІВКА,48.4570024,36.4679408
set775,519,ОДЕСЬКА,КІЛІЯ,45.4494419,29.2758152
set699,516,ПОЛТАВСЬКА,ГРЕБІНКА,50.1151456,32.4411801
set68,516,ВОЛИНСЬКА,ПІДГАЙЦІ,50.710411,25.4042557
set515,514,ЧЕРКАСЬКА,МАНЬКІВКА,48.9662352,30.3484898
set144,512,ХАРКІВСЬКА,РОГАНЬ,49.8999921,36.4978285
set780,510,РІВНЕНСЬКА,ЗАРІЧНЕ,51.8204903,26.117504
set358,507,ЗАПОРІЗЬКА,РОЗІВКА,47.3903089,37.0710228
set208,507,ХАРКІВСЬКА,БАРВІНКОВЕ,48.9206412,37.0253111
set371,506,ІВАНО-ФРАНКІВСЬКА,ТЛУМАЧ,48.8702997,24.9941214
set410,502,ХАРКІВСЬКА,ЛЮБОТИН,49.9398288,35.9338329
set407,502,ЗАКАРПАТСЬКА,БАРАНИНЦІ,48.5711726,22.3252981
set453,499,ВІННИЦЬКА,ОРАТІВ,49.1807084,29.529526
set34,493,ХМЕЛЬНИЦЬКА,ЛЕТИЧІВ,49.3830288,27.6306274
set590,489,ДНІПРОПЕТРОВСЬКА,ШИРОКЕ,47.690098,33.276844
set185,485,ХАРКІВСЬКА,ДВОРІЧНА,49.854154,37.6740168
set792,478,СУМСЬКА,ПОПІВКА,51.2445345,33.2175495
set640,470,ОДЕСЬКА,ЛЮБАШІВКА,47.8400612,30.2631786
set689,469,ОДЕСЬКА,КУЯЛЬНИК,47.7282235,29.5603071
set269,469,КІРОВОГРАДСЬКА,УСТИНІВКА,47.9618782,32.5369935
set664,466,ЗАПОРІЗЬКА,ТОКМАК,47.2535979,35.7084036
set624,466,ДНІПРОПЕТРОВСЬКА,ЗЕЛЕНОДОЛЬСЬК,47.5650893,33.6427871
set11,463,МИКОЛАЇВСЬКА,БУЗЬКЕ,47.6225153,31.5250575
set607,462,МИКОЛАЇВСЬКА,БЕРЕЗНЕГУВАТЕ,47.3098306,32.8487692
set138,459,ВІННИЦЬКА,ВЕНДИЧАНИ,48.458419,27.772002
set438,458,ВОЛИНСЬКА,РОЖИЩЕ,50.909371,25.2821991
set742,457,ДНІПРОПЕТРОВСЬКА,ВАСИЛЬКІВКА,48.2217146,36.0130703
set554,453,ЗАПОРІЗЬКА,ПРЕОБРАЖЕНКА,47.5800288,35.8030878
set527,452,ДНІПРОПЕТРОВСЬКА,НОВООЛЕКСАНДРІВКА,48.3476307,34.9938812
set53,449,ТЕРНОПІЛЬСЬКА,ПІДГАЙЦІ,49.268152,25.1307328
set151,448,ЛЬВІВСЬКА,СТАРИЙ САМБІР,49.4404759,23.0010578
set288,448,ХАРКІВСЬКА,БОРОВА,49.3739843,37.6230842
set655,448,ЛУГАНСЬКА,СТАНИЦЯ ЛУГАНСЬКА,48.6798458,39.4672507
set281,447,ВОЛИНСЬКА,ТУРІЙСЬК,51.0842815,24.5438187
set302,447,ДОНЕЦЬКА,СЛОВ'ЯНСЬК,48.8500352,37.5981631
set776,439,ВОЛИНСЬКА,СТАРА ВИЖІВКА,51.4396998,24.4323802
set675,439,КИЇВСЬКА,СТАВИЩЕ,49.3886358,30.1723766
set749,439,ЧЕРНІВЕЦЬКА,НОВОДНІСТРОВСЬК(ПН),48.5859677,27.4330601
set578,433,ТЕРНОПІЛЬСЬКА,ЗБОРІВ,49.6666467,25.138309
set464,433,ЛЬВІВСЬКА,БОРИСЛАВ,49.2983115,23.4052672
set323,432,ХАРКІВСЬКА,ОСКІЛ,49.1760461,37.4270284
set802,432,ЧЕРНІГІВСЬКА,НОСІВКА,50.9352683,31.5756083
set489,431,ДОНЕЦЬКА,НОВОГРОДІВКА,48.1971372,37.3396106
set156,423,ЗАКАРПАТСЬКА,ВІЛЬХІВЦІ,48.097531,23.7393271
set703,422,ЖИТОМИРСЬКА,ЄМІЛЬЧИНЕ,50.855906,27.8160756
set570,420,ОДЕСЬКА,АНАНЬЇВ,47.7229495,29.960382
set359,419,ЖИТОМИРСЬКА,ЛЮБАР,49.9258853,27.7489568
set44,419,ВІННИЦЬКА,ГНІВАНЬ,49.102246,28.3306348
set574,418,ДОНЕЦЬКА,НІКОЛЬСЬКЕ,47.2028635,37.3197087
set593,418,ВОЛИНСЬКА,ЛЮБОМЛЬ,51.2444306,24.0357129
set366,415,СУМСЬКА,ЯМПІЛЬ,51.9469387,33.7839971
set38,410,МИКОЛАЇВСЬКА,КОБЛЕВЕ,46.6585427,31.2094028
set688,407,ПОЛТАВСЬКА,ЧУТОВЕ,49.7274493,35.1803643
set101,405,ОДЕСЬКА,ТРОЇЦЬКЕ,46.544049,30.0326163
set444,402,КІРОВОГРАДСЬКА,КОМПАНІЇВКА,48.2619911,32.1952303
set801,401,ЛУГАНСЬКА,ПОПАСНА,48.6417157,38.3670783
set477,400,КИЇВСЬКА,ФУРСИ,49.8067699,30.0073997
set661,397,ПОЛТАВСЬКА,КАМ'ЯНІ ПОТОКИ,48.9819768,33.5143478
set205,395,ЛУГАНСЬКА,МАРКІВКА,49.5210039,39.5620665
set807,394,ЧЕРНІГІВСЬКА,СНОВСЬК,51.8156925,31.9533328
set172,392,ХАРКІВСЬКА,МАЛИНІВКА,49.8004873,36.7144868
set372,392,ЛЬВІВСЬКА,ГОРОДОК,49.7859483,23.6519408
set164,390,ХАРКІВСЬКА,ВЕЛИКИЙ БУРЛУК,50.059226,37.3854377
set496,390,ВІННИЦЬКА,САМГОРОДОК,49.5281078,28.8430257
set662,389,ХАРКІВСЬКА,ЗАЧЕПИЛІВКА,49.193851,35.2461823
set732,389,ВОЛИНСЬКА,ІВАНИЧІ,50.6335993,24.348288
set390,388,КІРОВОГРАДСЬКА,СВІТЛОВОДСЬК,49.0574778,33.2407117
set373,387,КИЇВСЬКА,ЗГУРІВКА,50.4837972,31.7917805
set754,384,ЖИТОМИРСЬКА,ПУЛИНИ,50.4716069,28.2438755
set774,383,ЧЕРНІГІВСЬКА,НОВГОРОД-СІВЕРСЬКИЙ(ПН),52.0018253,33.2757264
set738,383,КІРОВОГРАДСЬКА,КЕТРИСАНІВКА,48.0568423,32.1610902
set431,381,ЧЕРНІГІВСЬКА,КОРОП,51.5729796,32.9742348
set641,380,ОДЕСЬКА,ТАРУТИНЕ,46.1788045,29.1535781
set325,379,ІВАНО-ФРАНКІВСЬКА,ЛАНЧИН,48.5511446,24.745044
set809,378,ІВАНО-ФРАНКІВСЬКА,ОБЕРТИН,48.6936691,25.1737825
set39,375,ЗАКАРПАТСЬКА,ВЕЛИКИЙ БЕРЕЗНИЙ,48.8901026,22.4599276
set572,373,ЗАПОРІЗЬКА,КУШУГУМ,47.7276502,35.2043457
set549,366,ЖИТОМИРСЬКА,РАДОМИШЛЬ,50.5056038,29.2377541
set92,365,ЧЕРНІВЕЦЬКА,КЛІШКІВЦІ,48.4012026,26.2777899
set577,364,СУМСЬКА,БУРИНЬ,51.2061779,33.8614403
set291,362,РІВНЕНСЬКА,РОКИТНЕ,51.2846517,27.2020222
set730,358,КІРОВОГРАДСЬКА,МАЛА ВИСКА,48.5620355,31.8499174
set596,355,ЖИТОМИРСЬКА,АНДРУШІВКА,50.0011819,29.0300952
set320,355,ІВАНО-ФРАНКІВСЬКА,ТИСМЕНИЦЯ,48.9004401,24.8454019
set656,355,ЧЕРНІГІВСЬКА,БОБРОВИЦЯ,50.7438882,31.3859435
set716,354,ІВАНО-ФРАНКІВСЬКА,БОЛЕХІВ,49.0678166,23.8560203
set700,353,ДНІПРОПЕТРОВСЬКА,СУРСЬКО-ЛИТОВСЬКЕ,48.3370832,34.9302384
set706,352,ІВАНО-ФРАНКІВСЬКА,ДЕЛЯТИН,48.5286204,24.6273271
set690,352,ХАРКІВСЬКА,БЛИЗНЮКИ,48.8568191,36.5499896
set501,351,ЛУГАНСЬКА,РУБІЖНЕ,49.0232438,38.3568495
set694,348,ЗАПОРІЗЬКА,ПРИАЗОВСЬКЕ,46.7348714,35.6425893
set89,345,РІВНЕНСЬКА,КОРЕЦЬ,50.6232491,27.1513101
set685,345,ДОНЕЦЬКА,СВІТЛОДАРСЬК(ПН),48.4344374,38.2219363
set466,345,ОДЕСЬКА,КАМ'ЯНКА,45.5628982,28.8867564
set347,343,ХАРКІВСЬКА,ШЕВЧЕНКОВЕ,49.701322,37.1781635
set550,343,ЗАКАРПАТСЬКА,ТУР'Ї РЕМЕТИ,48.7131377,22.5959178
set141,338,ЧЕРКАСЬКА,КАТЕРИНОПІЛЬ,48.944271,30.992099
set665,336,ІВАНО-ФРАНКІВСЬКА,ЯМНИЦЯ,48.9932899,24.70763
set125,336,КІРОВОГРАДСЬКА,ВІЛЬШАНКА,48.2358214,30.8741622
set644,335,КІРОВОГРАДСЬКА,ОЛЕКСАНДРІВКА,48.9647097,32.2462376
set132,334,ХЕРСОНСЬКА,ІВАНІВКА,46.7179614,34.5428845
set209,334,СУМСЬКА,ХУХРА,50.3108308,34.8710254
set581,334,ДНІПРОПЕТРОВСЬКА,МАГДАЛИНІВКА,48.9104774,34.9115965
set240,332,ОДЕСЬКА,ОКНИ,47.5451258,29.4474026
set230,330,ЧЕРНІВЕЦЬКА,ЧУДЕЙ,48.0559642,25.601845
set385,329,СУМСЬКА,МИКОЛАЇВКА,50.9427582,34.378076
set47,328,ХАРКІВСЬКА,КРАСНОКУТСЬК,50.0606957,35.1638876
set562,325,ЛЬВІВСЬКА,МОСТИСЬКА,49.8019526,23.1470346
set461,325,ЧЕРНІГІВСЬКА,ГОРОДНЯ,51.8877546,31.5965425
set181,325,СУМСЬКА,БОБРИК,50.6716242,33.5071727
set107,325,ВІННИЦЬКА,МУРОВАНІ КУРИЛІВЦІ,48.7007039,27.5364263
set105,324,ЗАПОРІЗЬКА,ВЕСЕЛЕ,47.0208741,34.9117679
set608,324,КІРОВОГРАДСЬКА,ДОБРОВЕЛИЧКІВКА,48.3945628,31.1752601
set458,321,ПОЛТАВСЬКА,СЕМЕНІВКА,49.6708507,33.0777857
set121,321,ДОНЕЦЬКА,ІЛЛІНІВКА,48.466316,37.7742419
set530,319,ДНІПРОПЕТРОВСЬКА,БОЖЕДАРІВКА,48.3543347,34.1104115
set517,319,КІРОВОГРАДСЬКА,ТОРГОВИЦЯ,48.6536488,30.783851
set110,318,СУМСЬКА,НЕДРИГАЙЛІВ,50.8305647,33.8815260
set670,318,ЧЕРНІГІВСЬКА,ДЕСНА,50.9277587,30.7529639
set538,317,ЖИТОМИРСЬКА,ОЛЕВСЬК,51.2185457,27.6449991
set639,315,ДОНЕЦЬКА,ВУГЛЕДАР,47.775308,37.2393817
set498,315,ОДЕСЬКА,ОВІДІОПОЛЬ,46.2444663,30.4426682
set196,312,ВОЛИНСЬКА,ШАЦЬК,51.4967419,23.9197658
set482,310,РІВНЕНСЬКА,ДЕМИДІВКА,50.4241865,25.329703
set693,309,ТЕРНОПІЛЬСЬКА,ЛАНІВЦІ,49.8626237,26.0885189
set761,307,ЛЬВІВСЬКА,НОВИЙ РОЗДІЛ(ПН),49.467855,24.1409851
set800,306,ЧЕРНІГІВСЬКА,СЕМЕНІВКА,52.1790345,32.5717631
set192,303,ЖИТОМИРСЬКА,КОРНИН,50.0948392,29.5382009
set398,300,ОДЕСЬКА,БОЛГРАД,45.6791308,28.6147798
set345,297,ЧЕРНІВЕЦЬКА,МАГАЛА,48.2961322,26.0403137
set521,297,МИКОЛАЇВСЬКА,БРАТСЬКЕ,47.8564879,31.5763044
set691,297,ЧЕРНІВЕЦЬКА,ОСТРИЦЯ,48.2582418,26.0480954
set413,296,РІВНЕНСЬКА,ІВАННЄ,50.2715882,25.6055107
set332,295,ТЕРНОПІЛЬСЬКА,ШЛЯХТИНЦІ,49.5872797,25.6658051
set368,293,ЧЕРКАСЬКА,БІЛОЗІР'Я,49.297613,31.8983053
set798,292,ДНІПРОПЕТРОВСЬКА,ВЕРБУВАТІВКА,48.67867,35.9467089
set15,288,МИКОЛАЇВСЬКА,ЄЛАНЕЦЬ,47.6963673,31.8580542
set642,286,ВІННИЦЬКА,ТЕПЛИК,48.6633108,29.7507813
set27,284,ЛУГАНСЬКА,БІЛОКУРАКИНЕ,49.5296544,38.7329968
set36,283,ДНІПРОПЕТРОВСЬКА,МЕЖОВА,48.2640122,36.7438053
set214,276,ХАРКІВСЬКА,ЧКАЛОВСЬКЕ,49.7133639,36.9264674
set463,275,ЧЕРНІВЕЦЬКА,ВІКНО,48.523275,25.83982
set531,274,КІРОВОГРАДСЬКА,БЛАГОВІЩЕНСЬКЕ(ПН),48.3329415,30.2365493
set279,274,ЖИТОМИРСЬКА,СЕМЕНІВКА,49.8707544,28.6606876
set750,274,ЧЕРНІВЕЦЬКА,ВАШКІВЦІ,48.3842974,25.5058522
set598,274,ЛЬВІВСЬКА,БРОДИ,50.0854511,25.1495585
set470,271,ЗАКАРПАТСЬКА,ПЕРЕЧИН,48.7359203,22.4723243
set451,271,ХАРКІВСЬКА,СТАРИЙ САЛТІВ,50.0755905,36.7936244
set542,267,ЖИТОМИРСЬКА,БАРАНІВКА,50.2924464,27.6688212
set799,266,ЧЕРНІГІВСЬКА,СОСНИЦЯ,51.5248384,32.5045719
set182,261,МИКОЛАЇВСЬКА,КУЦУРУБ,46.6555104,31.6237819
set539,261,СУМСЬКА,ВЕЛИКА ПИСАРІВКА,50.4316774,35.4836619
set43,260,ХАРКІВСЬКА,САХНОВЩИНА,49.1519944,35.8771294
set9,257,ЖИТОМИРСЬКА,МИРОПІЛЬ,50.1068934,27.7077665
set298,257,ТЕРНОПІЛЬСЬКА,ВЕЛИКІ ГАЇ,49.5219448,25.6484834
set787,256,ХАРКІВСЬКА,СТАРОВІРІВКА,49.7157463,35.8585978
set270,256,ДНІПРОПЕТРОВСЬКА,ІЛАРІОНОВЕ,48.4045786,35.2793151
set537,254,ДНІПРОПЕТРОВСЬКА,МИКОЛАЇВКА,48.788269,35.1788171
set707,250,ДОНЕЦЬКА,МАНГУШ,47.0614972,37.3071907
set709,248,ЗАПОРІЗЬКА,НОВОСЛОБІДКА,47.8117723,35.0077406
set160,247,ПОЛТАВСЬКА,МАЧУХИ,49.521186,34.430257
set804,247,ЧЕРНІГІВСЬКА,ТАЛАЛАЇВКА,50.8424855,33.1399988
set232,246,ЛУГАНСЬКА,МІЛОВЕ,49.3756257,40.1418221
set770,246,МИКОЛАЇВСЬКА,ОЛЕКСАНДРІВКА,47.6914431,31.2759129
set308,246,ЛЬВІВСЬКА,КАМ'ЯНКА-БУЗЬКА,50.0994726,24.3454482
set614,243,ЛЬВІВСЬКА,НОВИЙ ЯРИЧІВ,49.9073861,24.2931372
set40,243,ЛЬВІВСЬКА,ХОДОРІВ,49.3978601,24.3096456
set671,240,ЖИТОМИРСЬКА,НОВА БОРОВА,50.700304,28.644489
set24,239,ОДЕСЬКА,ТЕПЛОДАР(ПН),46.5007214,30.3238646
set646,237,КИЇВСЬКА,КРАСЯТИЧІ,51.0778799,29.6399163
set198,236,ЗАПОРІЗЬКА,КИРИЛІВКА,46.373962,35.3750958
set758,235,ЛЬВІВСЬКА,МЕДЕНИЧІ,49.4289115,23.7472952
set635,231,КІРОВОГРАДСЬКА,ГЛИНСЬК,48.9859284,33.2590756
set60,231,ОДЕСЬКА,РЕНІ,45.4569757,28.2702712
set265,230,ОДЕСЬКА,САВРАНЬ,48.1342639,30.0829932
set701,230,ЧЕРНІГІВСЬКА,ЛОСИНІВКА,50.839216,31.9117829
set106,228,ЧЕРНІВЕЦЬКА,ГЕРЦА,48.1528158,26.2552239
set222,225,КІРОВОГРАДСЬКА,НОВГОРОДКА,48.3554343,32.6517581
set797,223,ХЕРСОНСЬКА,КАЛАНЧАК,46.262764,33.2992978
set294,221,ОДЕСЬКА,ЗАХАРІВКА,47.3393984,29.7555783
set13,221,ДНІПРОПЕТРОВСЬКА,ЦАРИЧАНКА,48.9554828,34.4639105
set103,220,ЗАПОРІЗЬКА,НОВОУСПЕНІВКА,47.0489624,35.0352751
set697,219,ХЕРСОНСЬКА,ВЕЛИКА ЛЕПЕТИХА,47.170887,33.9285084
set487,219,РІВНЕНСЬКА,СМИГА,50.2414199,25.7622611
set781,218,ВІННИЦЬКА,ДЖУЛИНКА,48.4385377,29.75091
set78,218,ЗАПОРІЗЬКА,БІЛЬМАК(ПН),47.362806,36.6529331
set416,218,СУМСЬКА,ТРОСТЯНЕЦЬ,50.4810642,34.9654363
set622,217,ТЕРНОПІЛЬСЬКА,СКАЛАТ,49.4285053,25.9712877
set216,216,ДОНЕЦЬКА,ГРОДІВКА(ПН),48.3177120,37.0903532
set268,215,ЧЕРНІВЕЦЬКА,КЕЛЬМЕНЦІ,48.4557701,26.8381564
set304,214,ІВАНО-ФРАНКІВСЬКА,УГРИНІВ,48.9582445,24.6800199
set204,211,ЖИТОМИРСЬКА,ЛУГИНИ,51.084345,28.4064281
set329,211,ЛУГАНСЬКА,НОВОПСКОВ,49.5341366,39.1204195
set186,208,СУМСЬКА,БЕЗДРИК,50.8619468,34.9459269
set393,208,ЛЬВІВСЬКА,РАВА-РУСЬКА,50.2260935,23.6172155
set471,208,МИКОЛАЇВСЬКА,ГАЛИЦИНОВЕ,46.7749393,31.9526076
set12,206,ХМЕЛЬНИЦЬКА,ГУМЕНЦІ,48.7599392,26.6266731
set95,206,ТЕРНОПІЛЬСЬКА,КОЗЛІВ,49.4254167,25.1759562
set90,206,СУМСЬКА,БІЛОПІЛЛЯ,51.1464177,34.3237289
set465,202,ІВАНО-ФРАНКІВСЬКА,ЗАБОЛОТІВ,48.4709758,25.2866412
set81,202,ПОЛТАВСЬКА,ЧОРНУХИ,50.2685983,32.9351161
set468,202,ЛЬВІВСЬКА,ПЕРЕМИШЛЯНИ,49.6744743,24.5527861
set287,202,ЛЬВІВСЬКА,ПУСТОМИТИ,49.7165367,23.9071227
set149,200,ЖИТОМИРСЬКА,ДОВБИШ,50.371442,27.9781397
set65,199,ХАРКІВСЬКА,ПЕЧЕНІГИ,49.8662512,36.9409003
set118,199,СУМСЬКА,ВЕРХНЯ СИРОВАТКА,50.8320802,34.9840887
set166,194,ОДЕСЬКА,ШИРЯЄВЕ,47.3754941,30.1958353
set677,193,РІВНЕНСЬКА,БАБИН,50.5998807,26.522714
set441,191,ЧЕРНІГІВСЬКА,РІПКИ,51.794858,31.0820098
set744,190,ХЕРСОНСЬКА,БРИЛІВКА,46.4214581,33.1462635
set19,190,ЛЬВІВСЬКА,СУДОВА ВИШНЯ,49.7883714,23.369379
set626,189,ЧЕРКАСЬКА,БУКИ,49.0869382,30.4092177
set139,189,ЛЬВІВСЬКА,ЖУРАВНО,49.258774,24.2865384
set18,189,ЧЕРНІВЕЦЬКА,БЕРЕГОМЕТ,48.1688432,25.3232694
set174,189,ДОНЕЦЬКА,АВДІЇВКА,48.1314878,37.7310622
set580,187,КИЇВСЬКА,РЖИЩІВ,49.9657673,31.0432748
set782,187,ЗАПОРІЗЬКА,КОМИШ-ЗОРЯ(ПН),47.3308294,36.6953473
set339,186,ЛЬВІВСЬКА,ЗАВАДІВКА,49.1421264,23.0593413
set579,186,ІВАНО-ФРАНКІВСЬКА,ЛИСЕЦЬ,48.8673363,24.6132944
set627,185,ТЕРНОПІЛЬСЬКА,ЗАЛІЗЦІ,49.7988018,25.3898214
set595,180,ІВАНО-ФРАНКІВСЬКА,БРОШНІВ-ОСАДА,48.9930431,24.1843913
set588,179,ХАРКІВСЬКА,КОЛОМАК,49.84,35.2988889
set678,177,СУМСЬКА,ТОКАРІ,50.9168996,34.8962749
set353,177,ІВАНО-ФРАНКІВСЬКА,НИЖНІЙ ВЕРБІЖ,48.5336744,25.0294853
set442,177,СУМСЬКА,БОЧЕЧКИ,51.3067554,33.4404099
set717,175,ЗАКАРПАТСЬКА,ПОЛЯНА,48.6222709,22.9624891
set388,174,ОДЕСЬКА,ГРИБІВКА,46.2096886,30.5649407
set395,172,ЛЬВІВСЬКА,СКОЛЕ,49.042552,23.5150981
set179,172,ЗАПОРІЗЬКА,ВЕЛИКА БІЛОЗЕРКА (ЧАСТИНА 1 СЕЛА),47.2712818,34.6900474
set767,171,ТЕРНОПІЛЬСЬКА,МЕЛЬНИЦЯ-ПОДІЛЬСЬКА,48.6079275,26.1668489
set469,171,ЛЬВІВСЬКА,ЗИМНА ВОДА,49.8329055,23.8766877
set784,171,ЛЬВІВСЬКА,БІБРКА,49.6299208,24.2858681
set153,170,ВІННИЦЬКА,ВІЙТІВЦІ,49.6264212,27.8936406
set436,170,ІВАНО-ФРАНКІВСЬКА,ЗАГВІЗДЯ,48.9243274,24.6582493
set207,170,ВІННИЦЬКА,ЧЕРНІВЦІ,48.5404811,28.108548
set341,169,ДОНЕЦЬКА,ОЛЕКСАНДРІВКА,48.7076481,36.9218626
set513,168,ЛЬВІВСЬКА,ДАВИДІВ,49.7484665,24.1404273
set760,168,ЧЕРНІГІВСЬКА,СРІБНЕ,50.6546637,32.8982913
set6,168,МИКОЛАЇВСЬКА,ВРАДІЇВКА,47.8658976,30.5905504
set586,167,ЛЬВІВСЬКА,ТУРКА,49.1617034,23.011938
set221,166,СУМСЬКА,ХОТІНЬ,51.0766861,34.7717911
set686,165,СУМСЬКА,ДУБОВ'ЯЗІВКА,51.1296375,33.3778584
set719,164,ВІННИЦЬКА,ІВАНІВ,49.4883904,28.3417413
set284,163,ІВАНО-ФРАНКІВСЬКА,ЯРЕМЧЕ,48.4478948,24.5552093
set621,162,ЗАПОРІЗЬКА,ВОДЯНЕ,47.479275,34.5045859
set421,160,ЛЬВІВСЬКА,РАЛІВКА,49.5010692,23.2387465
set49,160,ВІННИЦЬКА,ЧЕЧЕЛЬНИК,48.2154740,29.3645353
set433,160,ЖИТОМИРСЬКА,ОЗАДІВКА,49.9092613,28.5865967
set282,159,ЛЬВІВСЬКА,ЩИРЕЦЬ,49.6438474,23.8547509
set183,159,ТЕРНОПІЛЬСЬКА,КОРДИШІВ,50.0905138,26.0650519
set553,157,ХЕРСОНСЬКА,ВЕРХНІЙ РОГАЧИК,47.2527947,34.3405059
set417,155,СУМСЬКА,ПУТИВЛЬ,51.3320976,33.8810216
set239,154,СУМСЬКА,ВОРОНІЖ,51.7814288,33.4578142
set333,151,ВІННИЦЬКА,ГЛУХІВЦІ,49.7763132,28.7268555
set189,150,ЖИТОМИРСЬКА,НАРОДИЧІ,51.1997904,29.0874395
set679,150,ЛУГАНСЬКА,ЧМИРІВКА,49.2976519,38.9477929
set796,150,ХЕРСОНСЬКА,ВЕЛИКІ КОПАНІ,46.488447,32.9697863
set481,150,ЗАПОРІЗЬКА,БІЛЕНЬКЕ,47.6308102,35.0338777
set653,149,СУМСЬКА,МИРОПІЛЛЯ,51.0223909,35.2603525
set558,148,РІВНЕНСЬКА,МАЛЕВЕ,50.509006,25.3040327
set249,146,СУМСЬКА,ЗНОБ-НОВГОРОДСЬКЕ,52.2658994,33.6007677
set165,145,ДНІПРОПЕТРОВСЬКА,АУЛИ,48.5482066,34.4604303
set805,144,СУМСЬКА,БЕРЕЗА,51.7362800,33.8627449
set299,143,ЖИТОМИРСЬКА,ХОРОШІВ,50.5937095,28.4410718
set479,143,РІВНЕНСЬКА,ДЕРАЖНЕ,50.8611788,26.0419288
set545,142,ЛЬВІВСЬКА,КОНЮХІВ,49.2407358,23.8115838
set727,142,ЛЬВІВСЬКА,ЛОПАТИН,50.219683,24.8458447
set224,139,ЛЬВІВСЬКА,ЧИЖИКІВ,49.7898201,24.2538024
set698,139,ЛЬВІВСЬКА,ГНІЗДИЧІВ,49.3287808,24.103764
set415,139,ХЕРСОНСЬКА,АСКАНІЯ-НОВА,46.4501475,33.8688648
set382,138,РІВНЕНСЬКА,КЛЕСІВ,51.3157463,26.895772
set242,137,ТЕРНОПІЛЬСЬКА,НОВЕ СЕЛО,49.6588046,26.0571269
set116,137,ЧЕРНІГІВСЬКА,ПАРАФІЇВКА,50.8775203,32.6485736
set290,134,ЗАПОРІЗЬКА,КОМИШУВАХА,47.7147134,35.531759
set243,133,МИКОЛАЇВСЬКА,БЕРЕЗАНКА,46.8521331,31.3946414
set336,131,ІВАНО-ФРАНКІВСЬКА,ОЛЕША,48.8366824,25.1385209
set296,130,ЖИТОМИРСЬКА,ГОРОДНИЦЯ,50.8105808,27.3166945
set733,129,ТЕРНОПІЛЬСЬКА,СКАЛА-ПОДІЛЬСЬКА,48.8453786,26.2006833
set652,126,СУМСЬКА,НИЖНЯ СИРОВАТКА,50.7844618,34.8378938
set307,126,ІВАНО-ФРАНКІВСЬКА,ВОЙНИЛІВ,49.1341689,24.4955564
set687,124,РІВНЕНСЬКА,БУГРИН,50.5411339,26.5295531
set654,124,МИКОЛАЇВСЬКА,ДОМАНІВКА,47.6297068,30.9923297
set286,123,СУМСЬКА,ПОСТОЛЬНЕ,51.0235324,34.5624972
set702,122,ЗАПОРІЗЬКА,СМИРНОВЕ(ПН),47.213149,36.5477362
set437,121,КІРОВОГРАДСЬКА,СМОЛІНЕ,48.5985281,31.3065241
set569,120,ЖИТОМИРСЬКА,ПОТІЇВКА,50.6160104,28.9811745
set613,119,ЗАПОРІЗЬКА,КАМ'ЯНКА-ДНІПРОВСЬКА,47.4870901,34.4167362
set381,119,КІРОВОГРАДСЬКА,ПОМІЧНА,48.2465578,31.4060472
set769,115,ЛЬВІВСЬКА,МУРОВАНЕ,49.8780763,24.091116
set86,110,ТЕРНОПІЛЬСЬКА,БАВОРІВ,49.440437,25.7110239
set293,110,ДНІПРОПЕТРОВСЬКА,ВАКУЛОВЕ,47.8994195,33.9293848
set599,110,ОДЕСЬКА,МИКОЛАЇВКА,47.5433923,30.7546576
set173,109,ЖИТОМИРСЬКА,ВИСОКЕ,50.4022029,28.8085771
set111,109,СУМСЬКА,БОРОМЛЯ,50.6157447,34.9855215
set109,107,РІВНЕНСЬКА,МИРНЕ,50.9404222,26.5465032
set253,102,ЖИТОМИРСЬКА,ВИШЕВИЧІ,50.6299666,29.4026917
set512,102,МИКОЛАЇВСЬКА,ОЧАКІВ,46.6230864,31.5303123
set338,101,ХЕРСОНСЬКА,КАЧКАРІВКА,47.0978133,33.747025
set722,100,ІВАНО-ФРАНКІВСЬКА,СТАРІ БОГОРОДЧАНИ,48.8305477,24.5264885
set704,100,ХЕРСОНСЬКА,МУЗИКІВКА,46.7530242,32.5607144
set289,100,ЛЬВІВСЬКА,ВЕЛИКІ МОСТИ,50.2423274,24.1444885
set376,99,ЧЕРНІВЕЦЬКА,ПУТИЛА,48.0032475,25.0822771
set682,98,МИКОЛАЇВСЬКА,КРИВЕ ОЗЕРО,47.9585307,30.3501032
set791,98,ІВАНО-ФРАНКІВСЬКА,ВЕРХОВИНА,48.1556511,24.8256683
set104,98,ХАРКІВСЬКА,ВАСИЩЕВЕ,49.8338541,36.3240107
set602,98,ВОЛИНСЬКА,КОЛКИ,51.099958,25.6676406
set619,97,ІВАНО-ФРАНКІВСЬКА,КАЛЬНА,48.9633855,23.8115096
set575,97,СУМСЬКА,ГРУНЬ,50.2347972,34.6118621
set412,95,ЖИТОМИРСЬКА,БІЛОКОРОВИЧІ,51.1050681,28.0152332
set84,93,ЖИТОМИРСЬКА,ЧЕРВОНЕ,49.9527773,28.8578584
set128,93,ЛЬВІВСЬКА,НЕМИРІВ,50.1033388,23.4185581
set756,93,ЛЬВІВСЬКА,ВЕЛИКИЙ ЛЮБІНЬ,49.7215374,23.7238542
set636,92,ЛЬВІВСЬКА,ДОБРОТВІР,50.2040502,24.3824653
set430,91,ТЕРНОПІЛЬСЬКА,ПІДВОЛОЧИСЬК,49.5382253,26.1311359
set741,90,ВІННИЦЬКА,ШПИКІВ,48.7867841,28.561648
set215,90,ЧЕРКАСЬКА,ЄРКИ,48.9802367,31.0021144
set714,89,СУМСЬКА,ЧУПАХІВКА,50.3756838,34.5763422
set672,88,ЧЕРКАСЬКА,МЛІЇВ,49.3277663,31.5185472
set203,87,МИКОЛАЇВСЬКА,ВЕСЕЛИНОВЕ,47.3619779,31.2411931
set76,86,ВІННИЦЬКА,ЛУКА-МЕЛЕШКІВСЬКА,49.1740955,28.5033145
set631,85,ХЕРСОНСЬКА,БЕХТЕРИ,46.2507391,32.2926539
set692,83,ВІННИЦЬКА,ВАПНЯРКА,48.5334788,28.7416365
set355,83,ЗАПОРІЗЬКА,ВОСКРЕСЕНКА,47.4703230,36.3613708
set129,83,РІВНЕНСЬКА,МИЛЯЧ,51.6763732,26.7430569
set426,82,ЖИТОМИРСЬКА,БРУСИЛІВ,50.2886162,29.5045362
set715,81,ІВАНО-ФРАНКІВСЬКА,РОЖНІВ,48.364947,25.2280853
set711,80,ІВАНО-ФРАНКІВСЬКА,МАТЕЇВЦІ,48.5027548,25.1636964
set510,80,ЖИТОМИРСЬКА,ДУБРІВКА,50.3473492,27.411026
set428,80,ЧЕРНІВЕЦЬКА,ПОДВІРНЕ,48.2978441,26.6203421
set532,80,ДНІПРОПЕТРОВСЬКА,ЗНАМЕНІВКА,48.6344764,35.4637236
set370,80,ВІННИЦЬКА,ЧЕРНЯТИН,49.0471128,27.9221928
set505,79,ВОЛИНСЬКА,ВЕЛИМЧЕ,51.5810075,24.7415891
set584,78,ВІННИЦЬКА,МУРАФА,48.7730858,28.2155078
set605,77,ЛЬВІВСЬКА,ЧЕРНИЦЯ,49.4447323,23.9889963
set235,75,ЧЕРНІВЕЦЬКА,ДРАНИЦЯ,48.2285699,26.5332543
set83,75,РІВНЕНСЬКА,НЕМОВИЧІ,51.2555723,26.6361176
set283,74,РІВНЕНСЬКА,ЛОКНИЦЯ,51.8108243,25.8377498
set52,74,ІВАНО-ФРАНКІВСЬКА,ВЕРХНЯ,49.0986392,24.2959901
set61,72,ВОЛИНСЬКА,ЗАБОЛОТТЯ,51.6185468,24.239436
set440,72,ЧЕРНІГІВСЬКА,ЛИНОВИЦЯ,50.4601616,32.4005457
set35,71,ЖИТОМИРСЬКА,ЧОПОВИЧІ,50.8220499,28.9566109
set779,71,ВОЛИНСЬКА,ПРИЛІСНЕ,51.3743053,25.5281872
set495,71,ВІННИЦЬКА,ЛИПОВЕЦЬ,49.2375781,29.0442416
set245,71,ЛЬВІВСЬКА,ЛИПІВКА,49.5857387,23.9776236
set424,71,ЛЬВІВСЬКА,ДОБРОМИЛЬ,49.5710051,22.7906719
set295,71,ЛЬВІВСЬКА,СОЛОНКА,49.7576923,24.0125098
set414,70,ЗАПОРІЗЬКА,ЧКАЛОВЕ,47.0692031,34.7085672
set771,70,ЛЬВІВСЬКА,СЛАВСЬКЕ,48.8483118,23.4465113
set628,61,ЧЕРНІВЕЦЬКА,МАМАЇВЦІ,48.3560646,25.8056752
set64,61,ЧЕРНІВЕЦЬКА,БОЯНИ,48.269924,26.1261538
set80,60,ХЕРСОНСЬКА,КОЧУБЕЇВКА,47.5014457,33.2109557
set623,59,ІВАНО-ФРАНКІВСЬКА,ПЕРЕРІСЛЬ,48.6985491,24.6331571
set88,58,ЧЕРНІГІВСЬКА,БАТУРИН,51.3360086,32.8694965
set285,57,СУМСЬКА,КИРИКІВКА,50.3601423,35.119888
set507,56,ЛЬВІВСЬКА,НОВИЙ КАЛИНІВ,49.5577666,23.3018
set502,54,ТЕРНОПІЛЬСЬКА,ОЗЕРЯНИ,48.8869857,25.9560324
set226,51,ТЕРНОПІЛЬСЬКА,КОЛИНДЯНИ,48.9655330,25.952127
set292,50,ЧЕРНІВЕЦЬКА,ВОЛОКА,48.1944728,25.9320036
set197,49,ПОЛТАВСЬКА,ТАРАНДИНЦІ,50.0777991,33.1885789
set349,49,ЧЕРНІВЕЦЬКА,НЕСВОЯ,48.3365026,26.5725333
set301,48,ЗАПОРІЗЬКА,ВОЗНЕСЕНКА,46.879077,35.4622792
set525,48,ІВАНО-ФРАНКІВСЬКА,КОСМАЧ,48.3343908,24.8195808
set743,47,ЛЬВІВСЬКА,ЗАБОЛОТЦІ,50.0295585,24.9752746
set51,46,КІРОВОГРАДСЬКА,ЛИСТОПАДОВЕ,48.8475249,31.6275547
set184,45,ІВАНО-ФРАНКІВСЬКА,НОВИЦЯ,48.9845834,24.254095
set193,43,ВІННИЦЬКА,БАБЧИНЦІ,48.4161772,28.1583654
set70,42,РІВНЕНСЬКА,ПІДЛОЗЦІ,50.5837559,25.3660472
set75,41,СУМСЬКА,СЕРЕДИНА-БУДА,52.1857663,34.0268377
set73,40,ІВАНО-ФРАНКІВСЬКА,ЯБЛУНИЦЯ,48.0092656,24.9164146
set710,40,РІВНЕНСЬКА,МИРОГОЩА ДРУГА,50.4261665,25.8448975
set629,40,ЛЬВІВСЬКА,ВОЮТИЧІ,49.5508417,23.1084348
set713,35,РІВНЕНСЬКА,ПРИВІЛЬНЕ,50.4592204,25.8164369
set680,34,ОДЕСЬКА,ДОБРОСЛАВ,46.8281104,30.9439839
set529,34,ДНІПРОПЕТРОВСЬКА,СОФІЇВКА,48.0474127,33.8676375
set606,34,МИКОЛАЇВСЬКА,ВЕСНЯНЕ,46.9746954,31.8945581
set171,32,ЖИТОМИРСЬКА,ТЕТЕРІВКА,50.2361625,28.5643746
set7,29,ІВАНО-ФРАНКІВСЬКА,КУТИ,48.9236418,24.718223
set723,26,СУМСЬКА,ГЕРАСИМІВКА,50.7515256,33.5312299
set630,25,ЛЬВІВСЬКА,ОБРОШИНЕ,49.7888439,23.8681302
set789,23,ЛЬВІВСЬКА,ЖОВТАНЦІ,49.9907543,24.2457499
set146,22,ОДЕСЬКА,ВЕЛИКИЙ ДАЛЬНИК,46.4751245,30.5699486
set148,22,ЧЕРНІВЕЦЬКА,ВЕЛИКИЙ КУЧУРІВ,48.2109408,25.9048577
set739,22,ОДЕСЬКА,МАЯКИ,46.4124608,30.2661594
set657,21,ЧЕРНІВЕЦЬКА,ЯБЛУНИЦЯ,48.0276266,24.9168623
set384,20,ЛЬВІВСЬКА,БІСКОВИЧІ,49.5385131,23.1504052
set10,20,СУМСЬКА,ДРУЖБА,52.0402452,33.9293828
set503,20,ЛЬВІВСЬКА,РУДКИ,51.6778534,24.9444753
set740,19,ІВАНО-ФРАНКІВСЬКА,ДЗВИНЯЧ,48.7427678,24.4299902
set187,17,ВІННИЦЬКА,ПІЩАНКА,48.209267,28.8848276
set305,14,РІВНЕНСЬКА,ГВІЗДІВ,50.6377459,27.1352362
set306,14,ЗАПОРІЗЬКА,МИКОЛАЙ-ПОЛЕ,48.0743734,34.8974115
set768,12,ХЕРСОНСЬКА,ЛЮБИМІВКА,46.812628,33.5486511
set378,12,ЖИТОМИРСЬКА,ІРШАНСЬК,50.7511658,28.7271202
set725,11,ЗАПОРІЗЬКА,ВАСИЛІВКА,47.4448178,35.2801861
set377,10,ЧЕРНІВЕЦЬКА,МАМАЛИГА,48.2533474,26.58415
set71,10,ВІННИЦЬКА,ВОРОНОВИЦЯ,49.107592,28.6694482
set45,10,ДНІПРОПЕТРОВСЬКА,ТОКІВСЬКЕ,47.6646319,33.9658142
set666,10,ІВАНО-ФРАНКІВСЬКА,БІЛОБЕРІЗКА,48.1484382,25.0590345
set58,9,ЗАКАРПАТСЬКА,ІЗА,48.2162668,23.3302946
set540,9,ЛЬВІВСЬКА,МАГЕРІВ,50.1046264,23.6975098
set729,8,ЧЕРНІВЕЦЬКА,СТАЛЬНІВЦІ,48.2987958,26.5519226
set456,6,ІВАНО-ФРАНКІВСЬКА,БІЛЬШІВЦІ,49.1835908,24.7462961
set563,4,ЖИТОМИРСЬКА,ЧЕРНЯХІВ,50.454528,28.6757838
set178,4,РІВНЕНСЬКА,БАЛАШІВКА,51.0005183,26.9627132
set773,4,ХМЕЛЬНИЦЬКА,ШЕПЕТІВКА,50.1878466,27.0622801
set130,3,ЧЕРНІГІВСЬКА,ВАРВА,50.4891888,32.7199738
set718,3,ОДЕСЬКА,АВАНГАРД,46.4646599,30.616523
set663,2,РІВНЕНСЬКА,СТАРЕ СЕЛО,51.6139538,27.1318354
set122,2,ЧЕРНІВЕЦЬКА,МАРИНИЧІ,48.1275477,25.0471573
set492,2,ЛЬВІВСЬКА,ДУБЛЯНИ,49.5002091,23.3837584
set668,2,ЗАПОРІЗЬКА,АНДРІЇВКА,47.0962593,36.583026
set423,1,ВОЛИНСЬКА,ЗАТУРЦІ,50.7807214,24.8479044
set560,1,ІВАНО-ФРАНКІВСЬКА,ЄЗУПІЛЬ,49.0434835,24.7841714
set676,1,КИЇВСЬКА,ВОЛОДАРКА,49.5253468,29.9299906
set432,1,ЗАКАРПАТСЬКА,НИЖНЯ АПША,48.004413,23.8349311
set647,1,ВІННИЦЬКА,БЕРЕЗИНА,49.2241583,28.3440898
set234,1,КІРОВОГРАДСЬКА,КІРОВОГРАД(П),48.5060678,32.2632801
